{
  "n_obs": 18000,
  "n_items": 3000,
  "sizes_B": {
    "qwen3.5-9b": 9,
    "qwen3.6-27b-fp8": 27,
    "gemma-4-31b": 31,
    "gptoss-120b": 120,
    "deepseek-v4-pro": 671,
    "glm-5.1-fp8": 754
  },
  "ceiling": {
    "chaosnli_snli": 0.752,
    "chaosnli_mnli": 0.641,
    "go_emotions": 0.782,
    "social_bias_frames": 0.905,
    "hatexplain": 0.835,
    "multipico": 0.821
  },
  "logit_cluster_robust": {
    "Intercept": {
      "beta": 0.749648766702395,
      "se": 0.028754958932134925,
      "z": 26.070242996056923,
      "p": 7.932174063763436e-150,
      "OR": 2.116256586282196,
      "ci": [
        2.0002858249391022,
        2.2389509954754194
      ]
    },
    "subjectivity_c": {
      "beta": -1.7873146936428128,
      "se": 0.33872321980663933,
      "z": -5.27662288597488,
      "p": 1.3158628506212944e-07,
      "OR": 0.16740911137528458,
      "ci": [
        0.08619009585467238,
        0.32516277297936375
      ]
    },
    "logsize_c": {
      "beta": 0.2603517006867939,
      "se": 0.019424967214877218,
      "z": 13.402941575489272,
      "p": 5.811336146801614e-41,
      "OR": 1.2973862980882087,
      "ci": [
        1.2489203580575268,
        1.3477330204505285
      ]
    }
  },
  "glmm": {
    "fixed": {
      "Intercept": {
        "post_mean": 1.2203410941656494,
        "post_sd": 0.021084707310638648,
        "z": 57.87801918169884
      },
      "subjectivity_c": {
        "post_mean": -0.7157921061271179,
        "post_sd": 0.2573326973886891,
        "z": -2.7815824160345515
      },
      "logsize_c": {
        "post_mean": 0.4534971265243708,
        "post_sd": 0.02941043535883862,
        "z": 15.419599233782943
      }
    },
    "vc_sd": {
      "dataset": 0.7336874327240825,
      "item": 2.0234310098526365
    }
  },
  "fdr": {
    "n_tests": 36,
    "alpha": 0.05,
    "method": "fdr_bh",
    "n_sig": 26,
    "n_sig_below_ceiling": 22,
    "n_sig_above_ceiling": 4,
    "tests": [
      {
        "dataset": "chaosnli_snli",
        "model": "deepseek-v4-pro",
        "acc": 0.792,
        "ceiling": 0.752,
        "delta": 0.040000000000000036,
        "n": 500,
        "p": 0.038322692582622164,
        "q": 0.05109692344349622,
        "sig_fdr": false
      },
      {
        "dataset": "chaosnli_snli",
        "model": "gemma-4-31b",
        "acc": 0.836,
        "ceiling": 0.752,
        "delta": 0.08399999999999996,
        "n": 500,
        "p": 7.76338016000904e-06,
        "q": 1.3308651702872638e-05,
        "sig_fdr": true
      },
      {
        "dataset": "chaosnli_snli",
        "model": "glm-5.1-fp8",
        "acc": 0.832,
        "ceiling": 0.752,
        "delta": 0.07999999999999996,
        "n": 500,
        "p": 2.035566592319431e-05,
        "q": 3.186104231456501e-05,
        "sig_fdr": true
      },
      {
        "dataset": "chaosnli_snli",
        "model": "gptoss-120b",
        "acc": 0.786,
        "ceiling": 0.752,
        "delta": 0.03400000000000003,
        "n": 500,
        "p": 0.07850792796083544,
        "q": 0.0974581174686233,
        "sig_fdr": false
      },
      {
        "dataset": "chaosnli_snli",
        "model": "qwen3.5-9b",
        "acc": 0.594,
        "ceiling": 0.752,
        "delta": -0.15800000000000003,
        "n": 500,
        "p": 8.800026476172462e-15,
        "q": 1.980005957138804e-14,
        "sig_fdr": true
      },
      {
        "dataset": "chaosnli_snli",
        "model": "qwen3.6-27b-fp8",
        "acc": 0.834,
        "ceiling": 0.752,
        "delta": 0.08199999999999996,
        "n": 500,
        "p": 1.2632530032357618e-05,
        "q": 2.0671412780221556e-05,
        "sig_fdr": true
      },
      {
        "dataset": "chaosnli_mnli",
        "model": "deepseek-v4-pro",
        "acc": 0.602,
        "ceiling": 0.641,
        "delta": -0.039000000000000035,
        "n": 500,
        "p": 0.07637983465455994,
        "q": 0.0974581174686233,
        "sig_fdr": false
      },
      {
        "dataset": "chaosnli_mnli",
        "model": "gemma-4-31b",
        "acc": 0.698,
        "ceiling": 0.641,
        "delta": 0.05699999999999994,
        "n": 500,
        "p": 0.007840085538300876,
        "q": 0.010855503053031982,
        "sig_fdr": true
      },
      {
        "dataset": "chaosnli_mnli",
        "model": "glm-5.1-fp8",
        "acc": 0.616,
        "ceiling": 0.641,
        "delta": -0.025000000000000022,
        "n": 500,
        "p": 0.2441903124565952,
        "q": 0.28357584672378794,
        "sig_fdr": false
      },
      {
        "dataset": "chaosnli_mnli",
        "model": "gptoss-120b",
        "acc": 0.632,
        "ceiling": 0.641,
        "delta": -0.009000000000000008,
        "n": 500,
        "p": 0.6750404908502533,
        "q": 0.7147487550179152,
        "sig_fdr": false
      },
      {
        "dataset": "chaosnli_mnli",
        "model": "qwen3.5-9b",
        "acc": 0.526,
        "ceiling": 0.641,
        "delta": -0.11499999999999999,
        "n": 500,
        "p": 1.561481292044607e-07,
        "q": 2.9585961322950445e-07,
        "sig_fdr": true
      },
      {
        "dataset": "chaosnli_mnli",
        "model": "qwen3.6-27b-fp8",
        "acc": 0.632,
        "ceiling": 0.641,
        "delta": -0.009000000000000008,
        "n": 500,
        "p": 0.6750404908502533,
        "q": 0.7147487550179152,
        "sig_fdr": false
      },
      {
        "dataset": "go_emotions",
        "model": "deepseek-v4-pro",
        "acc": 0.58,
        "ceiling": 0.782,
        "delta": -0.20200000000000007,
        "n": 500,
        "p": 5.712341121530564e-24,
        "q": 2.0564428037510028e-23,
        "sig_fdr": true
      },
      {
        "dataset": "go_emotions",
        "model": "gemma-4-31b",
        "acc": 0.582,
        "ceiling": 0.782,
        "delta": -0.20000000000000007,
        "n": 500,
        "p": 1.2026146062211555e-23,
        "q": 3.935829620360145e-23,
        "sig_fdr": true
      },
      {
        "dataset": "go_emotions",
        "model": "glm-5.1-fp8",
        "acc": 0.594,
        "ceiling": 0.782,
        "delta": -0.18800000000000006,
        "n": 500,
        "p": 3.409552225779338e-21,
        "q": 1.0228656677338013e-20,
        "sig_fdr": true
      },
      {
        "dataset": "go_emotions",
        "model": "gptoss-120b",
        "acc": 0.578,
        "ceiling": 0.782,
        "delta": -0.20400000000000007,
        "n": 500,
        "p": 1.861052537819824e-24,
        "q": 7.444210151279295e-24,
        "sig_fdr": true
      },
      {
        "dataset": "go_emotions",
        "model": "qwen3.5-9b",
        "acc": 0.474,
        "ceiling": 0.782,
        "delta": -0.30800000000000005,
        "n": 500,
        "p": 4.570751334511436e-51,
        "q": 3.290940960848234e-50,
        "sig_fdr": true
      },
      {
        "dataset": "go_emotions",
        "model": "qwen3.6-27b-fp8",
        "acc": 0.608,
        "ceiling": 0.782,
        "delta": -0.17400000000000004,
        "n": 500,
        "p": 1.856350663128994e-18,
        "q": 4.7734731337602706e-18,
        "sig_fdr": true
      },
      {
        "dataset": "social_bias_frames",
        "model": "deepseek-v4-pro",
        "acc": 0.832,
        "ceiling": 0.905,
        "delta": -0.07300000000000006,
        "n": 500,
        "p": 3.5748928410048315e-07,
        "q": 6.434807113808696e-07,
        "sig_fdr": true
      },
      {
        "dataset": "social_bias_frames",
        "model": "gemma-4-31b",
        "acc": 0.822,
        "ceiling": 0.905,
        "delta": -0.08300000000000007,
        "n": 500,
        "p": 1.0346322712442667e-08,
        "q": 2.0692645424885333e-08,
        "sig_fdr": true
      },
      {
        "dataset": "social_bias_frames",
        "model": "glm-5.1-fp8",
        "acc": 0.856,
        "ceiling": 0.905,
        "delta": -0.049000000000000044,
        "n": 500,
        "p": 0.00042254553918259,
        "q": 0.000633818308773885,